"Service","FullName","Email","Phone","ID","Issue","Date","Status"
"Ayushman / Health ID","saritha","saritha.mail.info@gmail.com","8919877524","1234","VC","19/11/2025, 10:04:17 am","1"
"PAN","saritha","saritha.mail.info@gmail.com","8919877524","ASD4556","123","19/11/2025, 10:07:45 am","1"
"Aadhaar","saritha","saritha.mail.info@gmail.com","8919877524","12345","ss","19/11/2025, 10:08:02 am","0"
"Passport","saritha","saritha.mail.info@gmail.com","8919877524","z1234","sds","19/11/2025, 10:08:19 am","0"
"Voter ID","saritha","saritha.mail.info@gmail.com","8919877524","","asa","19/11/2025, 10:08:38 am","0"
"Driving License","saritha","saritha.mail.info@gmail.com","8919877524","ka","aa","19/11/2025, 10:08:56 am","0"
"Birth Certificate","saritha","saritha.mail.info@gmail.com","8919877524","","aaaaw","19/11/2025, 10:09:16 am","0"
"Income Certificate","saritha","saritha.mail.info@gmail.com","8919877524","","ss","19/11/2025, 10:09:35 am","0"
"Caste Certificate","saritha","saritha.mail.info@gmail.com","8919877524","","qq","19/11/2025, 10:09:51 am","0"
"Ration Card","saritha","saritha.mail.info@gmail.com","8919877524","ww","qq","19/11/2025, 10:10:09 am","0"
"Ayushman / Health ID","saritha","saritha.mail.info@gmail.com","8919877524","89","nb","19/11/2025, 10:10:35 am","0"
